TRUNCATE featured_listings, reports, messages, conversations, listing_images, property_listings, item_listings, password_resets, email_verifications, users RESTART IDENTITY CASCADE;

INSERT INTO users (id, full_name, email, phone, password_hash, role, is_verified, bio) VALUES
(1, 'Admin User', 'admin@fairlymarket.ng', '+2348010000001', '$2y$10$hFiJubQikJmwc5GfnXAnOe.ApaiHzH.AAa7m4sCsPIHCNr3S61kAu', 'admin', true, 'Platform administrator.'),
(2, 'Chinedu Okafor', 'chinedu@example.com', '+2348034567890', '$2y$10$l09IKO1UxybCr81fgqUZCe6VsTCSlJMagdxxA8Xuu8ZnV/geBquyO', 'buyer_seller', true, 'Electronics seller in Ikeja. Fast response.'),
(3, 'Aisha Bello', 'aisha@example.com', '+2348051112233', '$2y$10$l09IKO1UxybCr81fgqUZCe6VsTCSlJMagdxxA8Xuu8ZnV/geBquyO', 'landlord_tenant', true, 'Property agent covering Lagos mainland.'),
(4, 'Tunde Adeyemi', 'tunde@example.com', '+2348072223344', '$2y$10$l09IKO1UxybCr81fgqUZCe6VsTCSlJMagdxxA8Xuu8ZnV/geBquyO', 'general', true, 'Reliable buyer and seller of quality goods.'),
(5, 'Ifeoma Nwosu', 'ifeoma@example.com', '+2348093334455', '$2y$10$l09IKO1UxybCr81fgqUZCe6VsTCSlJMagdxxA8Xuu8ZnV/geBquyO', 'buyer_seller', true, 'Furniture and home appliances dealer.'),
(6, 'Yusuf Ibrahim', 'yusuf@example.com', '+2347014445566', '$2y$10$l09IKO1UxybCr81fgqUZCe6VsTCSlJMagdxxA8Xuu8ZnV/geBquyO', 'landlord_tenant', true, 'Abuja property manager.'),
(7, 'Blessing Eze', 'blessing@example.com', '+2348025556677', '$2y$10$l09IKO1UxybCr81fgqUZCe6VsTCSlJMagdxxA8Xuu8ZnV/geBquyO', 'buyer_seller', true, 'Fashion items and books. Quick sale.'),
(8, 'Emeka Obi', 'emeka@example.com', '+2348066667788', '$2y$10$l09IKO1UxybCr81fgqUZCe6VsTCSlJMagdxxA8Xuu8ZnV/geBquyO', 'general', true, 'Vehicle and property listings.'),
(9, 'Fatima Sani', 'fatima@example.com', '+2348087778899', '$2y$10$l09IKO1UxybCr81fgqUZCe6VsTCSlJMagdxxA8Xuu8ZnV/geBquyO', 'landlord_tenant', true, 'Short-let and rental enquiries welcome.'),
(10, 'Kelechi Uche', 'kelechi@example.com', '+2348108889900', '$2y$10$l09IKO1UxybCr81fgqUZCe6VsTCSlJMagdxxA8Xuu8ZnV/geBquyO', 'buyer_seller', true, 'Appliance reseller. Affordable prices.'),
(11, 'Ngozi Okonjo', 'ngozi@example.com', '+2348129990011', '$2y$10$l09IKO1UxybCr81fgqUZCe6VsTCSlJMagdxxA8Xuu8ZnV/geBquyO', 'general', true, 'Looking for quality fairly used goods.'),
(12, 'Babatunde Fashola', 'babatunde@example.com', '+2348141011121', '$2y$10$l09IKO1UxybCr81fgqUZCe6VsTCSlJMagdxxA8Xuu8ZnV/geBquyO', 'landlord_tenant', true, 'Lagos landlord with prime properties.'),
(13, 'Amaka Eze', 'amaka@example.com', '+2348161213141', '$2y$10$l09IKO1UxybCr81fgqUZCe6VsTCSlJMagdxxA8Xuu8ZnV/geBquyO', 'buyer_seller', true, 'Student items, gadgets and furniture.'),
(14, 'Musa Abdullahi', 'musa@example.com', '+2348181516171', '$2y$10$l09IKO1UxybCr81fgqUZCe6VsTCSlJMagdxxA8Xuu8ZnV/geBquyO', 'landlord_tenant', true, 'Abuja agent. Quality apartments.'),
(15, 'Chiamaka Nnamdi', 'chiamaka@example.com', '+2349011819202', '$2y$10$l09IKO1UxybCr81fgqUZCe6VsTCSlJMagdxxA8Xuu8ZnV/geBquyO', 'general', true, 'Careful seller with fast replies.'),
(16, 'Segun Olawale', 'segun@example.com', '+2349032122232', '$2y$10$l09IKO1UxybCr81fgqUZCe6VsTCSlJMagdxxA8Xuu8ZnV/geBquyO', 'buyer_seller', true, 'Office equipment and tech gadgets.');

INSERT INTO item_listings (id, user_id, title, description, category, condition, price, quantity, status) VALUES
(1, 2, 'Samsung 55-inch 4K Smart TV', 'Excellent condition Samsung smart TV with remote, wall bracket and all cables. 4K display, built-in streaming apps.', 'Electronics', 'like-new', 185000, 1, 'active'),
(2, 2, 'HP Pavilion Laptop Core i5 8GB', '8GB RAM, 512GB SSD, 15.6" display. Battery lasts about four hours. Clean body and keyboard.', 'Electronics', 'used', 145000, 1, 'active'),
(3, 5, '6-Seater Wooden Dining Set', 'Solid wood dining table with six padded chairs. Minor scuff on one leg but very sturdy.', 'Furniture', 'fair', 95000, 1, 'active'),
(4, 8, 'Toyota Camry 2012 Silver', 'Registered Toyota Camry with sound engine, working AC, good tyres. Full service history available.', 'Vehicles', 'used', 4200000, 1, 'pending'),
(5, 7, 'Ankara Fabric Bundle 10 Yards', 'Bright and colourful Ankara fabric bundle, never used. Perfect for tailoring and fashion design.', 'Fashion', 'new', 18000, 5, 'active'),
(6, 10, 'LG Double Door Refrigerator', 'Neatly used LG fridge with large freezer compartment, energy efficient, barely noticeable wear.', 'Appliances', 'used', 150000, 1, 'active'),
(7, 13, 'Compact Reading Table & Chair', 'Space-saving study desk with ergonomic chair. Ideal for students and home offices.', 'Furniture', 'like-new', 22000, 1, 'active'),
(8, 4, 'iPhone 12 Pro Max 128GB', 'Gold iPhone 12 Pro Max, 128GB storage, Face ID working, battery health at 86%. Clean screen.', 'Electronics', 'used', 310000, 1, 'sold'),
(9, 10, 'Sumec Firman 4.5KVA Generator', 'Reliable petrol generator, starts easily, powers fridge, TV and fans simultaneously.', 'Appliances', 'fair', 175000, 1, 'active'),
(10, 13, 'Engineering Textbooks Bundle', 'Set of 6 mechanical and electrical engineering textbooks. University level. Good condition.', 'Books', 'used', 12000, 1, 'active'),
(11, 16, 'Ergonomic Office Executive Chair', 'Adjustable height, lumbar support, padded armrests. Like new, used for only 2 months.', 'Furniture', 'like-new', 35000, 2, 'active'),
(12, 8, 'Honda Civic 2015 Foreign Used', 'Clean Honda Civic with duty paid documents. New brakes, great fuel economy, runs smoothly.', 'Vehicles', 'used', 6800000, 1, 'active'),
(13, 15, 'Binatone Microwave Oven 25L', 'Working microwave oven with multiple presets, lightly used, clean interior and exterior.', 'Appliances', 'used', 28000, 1, 'pending'),
(14, 7, 'Men Premium Black Leather Jacket', 'Genuine leather jacket, medium size. Perfect for casual and semi-formal wear.', 'Fashion', 'like-new', 15000, 1, 'active'),
(15, 16, 'PlayStation 4 with 2 Controllers', 'PS4 Slim console with two DualShock controllers and three game discs. Well maintained.', 'Electronics', 'used', 98000, 1, 'active'),
(16, 5, '4-Door Wooden Wardrobe', 'Large wardrobe with sliding doors, ample storage for a family. Minor scratches on sides.', 'Furniture', 'fair', 60000, 1, 'pending'),
(17, 4, 'Samsung Galaxy S23 Ultra', 'Phantom black, 256GB storage, S Pen included. Used for 5 months, flawless condition.', 'Electronics', 'like-new', 520000, 1, 'active'),
(18, 2, 'Canon EOS 1500D DSLR Camera', '18-55mm lens kit, camera bag, extra battery. Great for beginners and enthusiasts.', 'Electronics', 'used', 135000, 1, 'active'),
(19, 7, 'Nike Air Max 90 Sneakers Size 43', 'Original Nike sneakers, worn twice. White colourway, very clean.', 'Fashion', 'like-new', 35000, 1, 'active'),
(20, 13, 'Queen Size Bed Frame & Mattress', 'Wooden bed frame with pocket spring mattress, very comfortable. 2 years old.', 'Furniture', 'fair', 85000, 1, 'active'),
(21, 10, 'Bosch Washing Machine 7kg', 'Front-loading washer, 1200 rpm spin, nearly new condition. Quiet operation.', 'Appliances', 'like-new', 210000, 1, 'active'),
(22, 16, 'Dell 27-inch 4K Monitor', 'Dell UltraSharp U2720Q, IPS panel, USB-C connectivity. Perfect for creative work.', 'Electronics', 'used', 180000, 1, 'active'),
(23, 5, 'Leather 3-Seater Sofa', 'Brown leather sofa, minimal wear on seat cushions. Comfortable and classy.', 'Furniture', 'fair', 120000, 1, 'active'),
(24, 4, 'Children Bicycle 20-inch', 'Boys bicycle with training wheels, good tyres, chain well lubricated.', 'Other', 'used', 18000, 1, 'active'),
(25, 15, 'Standing Fan 18-inch (Binatone)', 'Powerful standing fan with remote control, 3 speed settings, barely used.', 'Appliances', 'like-new', 12000, 1, 'active'),
(26, 2, 'HP LaserJet Printer M404dn', 'Monochrome laser printer, duplex printing, network ready. Toner at 70%.', 'Electronics', 'used', 95000, 1, 'active'),
(27, 7, 'Women Handbag (Gucci Replica)', 'High quality replica Gucci handbag, premium finish, used once.', 'Fashion', 'like-new', 25000, 1, 'active'),
(28, 10, 'Gas Cooker 4-Burner (Thermocool)', 'Stainless steel gas cooker with oven, 4 burners, good working condition.', 'Appliances', 'used', 65000, 1, 'active'),
(29, 16, 'Mountain Bike 26-inch (Trek)', 'Trek mountain bike with 21-speed gears, disc brakes, recently serviced.', 'Other', 'used', 75000, 1, 'active'),
(30, 8, 'Mercedes-Benz C300 2018', 'Sporty Mercedes with panoramic roof, leather seats, one owner, accident-free.', 'Vehicles', 'used', 18500000, 1, 'active'),
(31, 5, 'Outdoor Patio Furniture Set', '5-piece patio set including table and 4 chairs. Wrought iron frame, good for garden.', 'Furniture', 'used', 45000, 1, 'pending'),
(32, 13, 'Sony WH-1000XM5 Headphones', 'Premium noise-cancelling headphones, black, barely used with all accessories.', 'Electronics', 'like-new', 85000, 1, 'active'),
(33, 2, 'MacBook Air M2 Midnight', 'Apple MacBook Air with M2 chip, 8GB RAM, 256GB SSD. Midnight colour. 3 months old.', 'Electronics', 'like-new', 650000, 1, 'active'),
(34, 15, 'Electric Kettle & Toaster Set', 'Stainless steel kettle and 2-slice toaster. Kitchen essentials, like new.', 'Appliances', 'like-new', 8000, 1, 'active'),
(35, 4, 'Novels Collection (15 Books)', 'Collection of African literature and fiction. Chinua Achebe, Chimamanda, Wole Soyinka.', 'Books', 'used', 15000, 1, 'active');

INSERT INTO property_listings (id, user_id, title, description, listing_type, property_type, price, rent_period, bedrooms, bathrooms, size_sqft, address, city, state, amenities, status) VALUES
(1, 3, '2-Bedroom Flat in Lekki Phase 1', 'Well-serviced flat near Admiralty Way, close to shops and schools. Tiled floors, modern kitchen.', 'rent', 'apartment', 1800000, 'yearly', 2, 3, 1200, 'Admiralty Way, Lekki Phase 1', 'Lekki', 'Lagos', '["Parking","Water","Electricity"]', 'active'),
(2, 3, 'Self-Contain in Yaba Sabo', 'Affordable self-contain unit close to UNILAG and Yaba market. Good for students and young professionals.', 'rent', 'self-contain', 350000, 'yearly', 1, 1, 350, 'Sabo, Yaba', 'Yaba', 'Lagos', '["Water","Electricity"]', 'active'),
(3, 6, '4-Bedroom Luxury Duplex in Maitama', 'High-end duplex with boys quarters, modern finishes, central AC, and 24/7 security.', 'sale', 'duplex', 120000000, NULL, 4, 5, 4200, 'Maitama District', 'Maitama', 'Abuja', '["Parking","Water","Electricity","Furnished"]', 'active'),
(4, 6, '3-Bedroom Apartment in Gwarinpa Estate', 'Spacious apartment in secure estate with 24-hour power and water supply. Well maintained.', 'rent', 'apartment', 2500000, 'yearly', 3, 4, 1600, 'Gwarinpa Estate', 'Gwarinpa', 'Abuja', '["Parking","Water","Electricity"]', 'pending'),
(5, 12, 'Mini Flat in Surulere Bode Thomas', 'Neat mini flat near Bode Thomas street. Good for a couple or single professional.', 'rent', 'apartment', 600000, 'yearly', 1, 2, 500, 'Bode Thomas Street', 'Surulere', 'Lagos', '["Water","Electricity"]', 'active'),
(6, 12, '5-Bedroom Detached House in Ikoyi', 'Luxurious detached house with swimming pool, lawn, smart home features and ample parking.', 'sale', 'house', 350000000, NULL, 5, 6, 6500, 'Bourdillon Road', 'Ikoyi', 'Lagos', '["Parking","Water","Electricity","Furnished"]', 'active'),
(7, 14, 'Studio Apartment in Wuse 2', 'Modern studio ideal for single professional. Fully furnished, prepaid meter, secure estate.', 'rent', 'apartment', 1200000, 'yearly', 1, 1, 430, 'Aminu Kano Crescent', 'Wuse 2', 'Abuja', '["Parking","Water","Electricity","Furnished"]', 'active'),
(8, 8, 'Land for Sale in Epe', 'Dry plot of land with C of O documents. Good for residential development or investment.', 'sale', 'land', 8500000, NULL, 0, 0, 5400, 'Epe Expressway', 'Epe', 'Lagos', '[]', 'active'),
(9, 14, '2-Bedroom Bungalow in Kubwa', 'Neat bungalow in quiet residential area. Good for family. Tiled throughout with POP ceiling.', 'rent', 'house', 900000, 'yearly', 2, 2, 950, 'Phase 4, Kubwa', 'Kubwa', 'Abuja', '["Parking","Water"]', 'active'),
(10, 3, 'Shop Space in Computer Village Ikeja', 'Ground floor shop in a busy commercial area. High foot traffic, good for electronics business.', 'rent', 'commercial', 1500000, 'yearly', 0, 1, 300, 'Otigba Street, Computer Village', 'Ikeja', 'Lagos', '["Electricity"]', 'pending'),
(11, 12, '3-Bedroom Terrace in Lekki', 'Newly built terrace duplex with fitted kitchen and modern bathroom finishes.', 'sale', 'house', 95000000, NULL, 3, 4, 2400, 'Chevron Drive, Lekki', 'Lekki', 'Lagos', '["Parking","Water","Electricity"]', 'active'),
(12, 6, 'Room & Parlour Self-Contain in Garki', 'Budget-friendly self-contain with prepaid meter and tiled bathroom. Good location.', 'rent', 'self-contain', 450000, 'yearly', 1, 1, 420, 'Area 3, Garki', 'Garki', 'Abuja', '["Water","Electricity"]', 'active'),
(13, 9, '1-Bedroom Flat in VI', 'Cosy one-bedroom flat in Victoria Island. Close to banks, restaurants and the beach.', 'rent', 'apartment', 2500000, 'yearly', 1, 2, 550, 'Adeola Odeku Street', 'Victoria Island', 'Lagos', '["Parking","Water","Electricity"]', 'active'),
(14, 14, 'Semi-Detached Duplex in Jabi', 'Beautiful semi-detached duplex in a serene Jabi neighbourhood. Perfect for a growing family.', 'rent', 'duplex', 3500000, 'yearly', 3, 4, 1800, 'Jabi Lake Road', 'Jabi', 'Abuja', '["Parking","Water","Electricity"]', 'active'),
(15, 8, 'Commercial Land in Lekki Free Zone', 'Prime commercial land in the Lekki Free Trade Zone. Great for business investment.', 'sale', 'land', 45000000, NULL, 0, 0, 8000, 'Lekki Free Trade Zone', 'Lekki', 'Lagos', '["Electricity"]', 'active'),
(16, 3, '3-Bedroom Apartment in Magodo', 'Spacious Magodo apartment in gated estate with clubhouse. Recently painted and maintained.', 'rent', 'apartment', 3000000, 'yearly', 3, 3, 1400, 'Magodo Phase 2', 'Magodo', 'Lagos', '["Parking","Water","Electricity"]', 'active'),
(17, 12, 'Penthouse in Banana Island', 'Exclusive penthouse with panoramic lagoon view. Fitted kitchen, premium finishes.', 'sale', 'apartment', 250000000, NULL, 4, 5, 4800, 'Banana Island', 'Ikoyi', 'Lagos', '["Parking","Water","Electricity","Furnished"]', 'active'),
(18, 9, 'Short-Let 2-Bedroom in GRA', 'Fully furnished 2-bedroom in Port Harcourt GRA. Perfect for short-term executive stays.', 'rent', 'apartment', 1500000, 'monthly', 2, 2, 1100, 'GRA Phase 1', 'Port Harcourt', 'Rivers', '["Parking","Water","Electricity","Furnished"]', 'active'),
(19, 14, 'Farm Land for Sale in Nasarawa', 'Fertile farm land suitable for agriculture and livestock. Access road available.', 'sale', 'land', 12000000, NULL, 0, 0, 15000, 'Karu, Nasarawa State', 'Karu', 'Nasarawa', '[]', 'pending'),
(20, 6, 'Executive 4-Bedroom in Asokoro', 'Executive home in Asokoro with central AC, standby generator, and CCTV. Premium finishes.', 'sale', 'house', 180000000, NULL, 4, 5, 5000, 'Asokoro District', 'Asokoro', 'Abuja', '["Parking","Water","Electricity","Furnished"]', 'active');

INSERT INTO listing_images (listing_id, listing_table, image_url) VALUES
(1,'item','https://images.unsplash.com/photo-1593359677879-a4bb92f829d1?w=800&h=600&fit=crop'),(1,'item','https://images.unsplash.com/photo-1461151304267-38535e780c79?w=800&h=600&fit=crop'),
(2,'item','https://images.unsplash.com/photo-1496181133206-80ce9b88a853?w=800&h=600&fit=crop'),(2,'item','https://images.unsplash.com/photo-1517336714731-489689fd1ca8?w=800&h=600&fit=crop'),
(3,'item','https://images.unsplash.com/photo-1617806118233-18e1de247200?w=800&h=600&fit=crop'),(3,'item','https://images.unsplash.com/photo-1555041469-a586c61ea9bc?w=800&h=600&fit=crop'),
(4,'item','https://images.unsplash.com/photo-1552519507-da3b142c6e3d?w=800&h=600&fit=crop'),(4,'item','https://images.unsplash.com/photo-1544636331-e26879cd4d9b?w=800&h=600&fit=crop'),
(5,'item','https://images.unsplash.com/photo-1603400521630-9f2de124b33b?w=800&h=600&fit=crop'),(5,'item','https://images.unsplash.com/photo-1556306535-0f09e537153c?w=800&h=600&fit=crop'),
(6,'item','https://images.unsplash.com/photo-1571175443880-49e1d25b2bc5?w=800&h=600&fit=crop'),(6,'item','https://images.unsplash.com/photo-1584568694244-14fbdf83bd30?w=800&h=600&fit=crop'),
(7,'item','https://images.unsplash.com/photo-1518455027359-f3f8164ba6bd?w=800&h=600&fit=crop'),(7,'item','https://images.unsplash.com/photo-1593062096033-9a26b09da705?w=800&h=600&fit=crop'),
(8,'item','https://images.unsplash.com/photo-1592750475338-74b7b21085ab?w=800&h=600&fit=crop'),(8,'item','https://images.unsplash.com/photo-1603792459639-615d0dafbd25?w=800&h=600&fit=crop'),
(9,'item','https://images.unsplash.com/photo-1519892300165-cb5542fb47c7?w=800&h=600&fit=crop'),(9,'item','https://images.unsplash.com/photo-1558618666-fcd25c85f82e?w=800&h=600&fit=crop'),
(10,'item','https://images.unsplash.com/photo-1576872381149-7847515ce5d8?w=800&h=600&fit=crop'),(10,'item','https://images.unsplash.com/photo-1495446815901-a7297e964eae?w=800&h=600&fit=crop'),
(11,'item','https://images.unsplash.com/photo-1506439773649-6e0eb8cfb237?w=800&h=600&fit=crop'),(11,'item','https://images.unsplash.com/photo-1592078615290-033ee584e267?w=800&h=600&fit=crop'),
(12,'item','https://images.unsplash.com/photo-1618843479313-40f8afb4b4d8?w=800&h=600&fit=crop'),(12,'item','https://images.unsplash.com/photo-1552519507-5d90e2f5a75f?w=800&h=600&fit=crop'),
(13,'item','https://images.unsplash.com/photo-1574269909862-7e1d70bb8078?w=800&h=600&fit=crop'),(13,'item','https://images.unsplash.com/photo-1590794056226-79ef3a8147e1?w=800&h=600&fit=crop'),
(14,'item','https://images.unsplash.com/photo-1551028719-00167b16eac5?w=800&h=600&fit=crop'),(14,'item','https://images.unsplash.com/photo-1520975954732-35dd22299614?w=800&h=600&fit=crop'),
(15,'item','https://images.unsplash.com/photo-1486401899868-0e435ed85128?w=800&h=600&fit=crop'),(15,'item','https://images.unsplash.com/photo-1592155931584-901ac15763e3?w=800&h=600&fit=crop'),
(16,'item','https://images.unsplash.com/photo-1597006335770-25b6a72c8830?w=800&h=600&fit=crop'),(16,'item','https://images.unsplash.com/photo-1586023492125-27b2c045efd7?w=800&h=600&fit=crop'),
(17,'item','https://images.unsplash.com/photo-1610945264803-c22b62d2a7b3?w=800&h=600&fit=crop'),(17,'item','https://images.unsplash.com/photo-1598327105666-5b89351aff97?w=800&h=600&fit=crop'),
(18,'item','https://images.unsplash.com/photo-1510127034890-ba27508e9f1c?w=800&h=600&fit=crop'),(18,'item','https://images.unsplash.com/photo-1502920917128-1aa500764cbd?w=800&h=600&fit=crop'),
(19,'item','https://images.unsplash.com/photo-1542291026-7eec264c27ff?w=800&h=600&fit=crop'),(19,'item','https://images.unsplash.com/photo-1606107557195-0e29a4b5b4aa?w=800&h=600&fit=crop'),
(20,'item','https://images.unsplash.com/photo-1505693416388-ac5ce068fe85?w=800&h=600&fit=crop'),(20,'item','https://images.unsplash.com/photo-1616627547584-bf28cee262db?w=800&h=600&fit=crop'),
(21,'item','https://images.unsplash.com/photo-1626806787461-102c1bfaaea1?w=800&h=600&fit=crop'),(21,'item','https://images.unsplash.com/photo-1610557892470-55d9e80c0bce?w=800&h=600&fit=crop'),
(22,'item','https://images.unsplash.com/photo-1527443222452-747c58f2e540?w=800&h=600&fit=crop'),(22,'item','https://images.unsplash.com/photo-1586210579191-33b45e38fa2c?w=800&h=600&fit=crop'),
(23,'item','https://images.unsplash.com/photo-1555041469-a586c61ea9bc?w=800&h=600&fit=crop'),(23,'item','https://images.unsplash.com/photo-1493663284031-b7e3aefcae8e?w=800&h=600&fit=crop'),
(24,'item','https://images.unsplash.com/photo-1576435770722-1b2f2beea58d?w=800&h=600&fit=crop'),(24,'item','https://images.unsplash.com/photo-1532298229144-0ec0c57515c7?w=800&h=600&fit=crop'),
(25,'item','https://images.unsplash.com/photo-1585773800339-1d8b0d6b9ff4?w=800&h=600&fit=crop'),
(26,'item','https://images.unsplash.com/photo-1612815154858-60aa4c59eaa6?w=800&h=600&fit=crop'),
(27,'item','https://images.unsplash.com/photo-1584917865442-de89df76afd3?w=800&h=600&fit=crop'),(27,'item','https://images.unsplash.com/photo-1566150905458-1bf1fc113f0d?w=800&h=600&fit=crop'),
(28,'item','https://images.unsplash.com/photo-1556909114-f6e7ad7d3136?w=800&h=600&fit=crop'),
(29,'item','https://images.unsplash.com/photo-1576435770722-1b2f2beea58d?w=800&h=600&fit=crop'),(29,'item','https://images.unsplash.com/photo-1532298229144-0ec0c57515c7?w=800&h=600&fit=crop'),
(30,'item','https://images.unsplash.com/photo-1618843479313-40f8afb4b4d8?w=800&h=600&fit=crop'),(30,'item','https://images.unsplash.com/photo-1583121274602-3e2820c69888?w=800&h=600&fit=crop'),
(31,'item','https://images.unsplash.com/photo-1600585152220-90363fe7e115?w=800&h=600&fit=crop'),
(32,'item','https://images.unsplash.com/photo-1505740420928-5e560c06d30e?w=800&h=600&fit=crop'),(32,'item','https://images.unsplash.com/photo-1583394838336-acd977736f90?w=800&h=600&fit=crop'),
(33,'item','https://images.unsplash.com/photo-1517336714731-489689fd1ca8?w=800&h=600&fit=crop'),(33,'item','https://images.unsplash.com/photo-1496181133206-80ce9b88a853?w=800&h=600&fit=crop'),
(34,'item','https://images.unsplash.com/photo-1591824438708-ce405f36ba3d?w=800&h=600&fit=crop'),
(35,'item','https://images.unsplash.com/photo-1524995997946-a1c2e315a42f?w=800&h=600&fit=crop'),(35,'item','https://images.unsplash.com/photo-1544716278-ca5e3f4abd8c?w=800&h=600&fit=crop'),
(1,'property','https://images.unsplash.com/photo-1560448204-e02f11c3d0e2?w=800&h=600&fit=crop'),(1,'property','https://images.unsplash.com/photo-1522708323590-d24dbb6b0267?w=800&h=600&fit=crop'),
(2,'property','https://images.unsplash.com/photo-1582268611958-ebfd161ef9cf?w=800&h=600&fit=crop'),(2,'property','https://images.unsplash.com/photo-1560185007-cde436f6a4d0?w=800&h=600&fit=crop'),
(3,'property','https://images.unsplash.com/photo-1600596542815-ffad4c1539a9?w=800&h=600&fit=crop'),(3,'property','https://images.unsplash.com/photo-1600585154340-be6161a56a0c?w=800&h=600&fit=crop'),
(4,'property','https://images.unsplash.com/photo-1600585154526-990dced4db0d?w=800&h=600&fit=crop'),(4,'property','https://images.unsplash.com/photo-1582268611958-ebfd161ef9cf?w=800&h=600&fit=crop'),
(5,'property','https://images.unsplash.com/photo-1560185007-cde436f6a4d0?w=800&h=600&fit=crop'),(5,'property','https://images.unsplash.com/photo-1560448204-e02f11c3d0e2?w=800&h=600&fit=crop'),
(6,'property','https://images.unsplash.com/photo-1600607687939-ce8a6c25118c?w=800&h=600&fit=crop'),(6,'property','https://images.unsplash.com/photo-1600596542815-ffad4c1539a9?w=800&h=600&fit=crop'),
(7,'property','https://images.unsplash.com/photo-1540518614846-7eded433c457?w=800&h=600&fit=crop'),(7,'property','https://images.unsplash.com/photo-1560448204-e02f11c3d0e2?w=800&h=600&fit=crop'),
(8,'property','https://images.unsplash.com/photo-1500382017468-9049fed747ef?w=800&h=600&fit=crop'),(8,'property','https://images.unsplash.com/photo-1500076656116-558758c991c1?w=800&h=600&fit=crop'),
(9,'property','https://images.unsplash.com/photo-1564013799919-ab600027ffc6?w=800&h=600&fit=crop'),(9,'property','https://images.unsplash.com/photo-1582268611958-ebfd161ef9cf?w=800&h=600&fit=crop'),
(10,'property','https://images.unsplash.com/photo-1441986300917-64674bd600d8?w=800&h=600&fit=crop'),
(11,'property','https://images.unsplash.com/photo-1600585154526-990dced4db0d?w=800&h=600&fit=crop'),(11,'property','https://images.unsplash.com/photo-1600573472550-8090b5e0745e?w=800&h=600&fit=crop'),
(12,'property','https://images.unsplash.com/photo-1540518614846-7eded433c457?w=800&h=600&fit=crop'),
(13,'property','https://images.unsplash.com/photo-1560448204-e02f11c3d0e2?w=800&h=600&fit=crop'),(13,'property','https://images.unsplash.com/photo-1522708323590-d24dbb6b0267?w=800&h=600&fit=crop'),
(14,'property','https://images.unsplash.com/photo-1600566753086-00f18f6bae32?w=800&h=600&fit=crop'),(14,'property','https://images.unsplash.com/photo-1600573472550-8090b5e0745e?w=800&h=600&fit=crop'),
(15,'property','https://images.unsplash.com/photo-1500382017468-9049fed747ef?w=800&h=600&fit=crop'),
(16,'property','https://images.unsplash.com/photo-1582268611958-ebfd161ef9cf?w=800&h=600&fit=crop'),(16,'property','https://images.unsplash.com/photo-1560185007-cde436f6a4d0?w=800&h=600&fit=crop'),
(17,'property','https://images.unsplash.com/photo-1600607687939-ce8a6c25118c?w=800&h=600&fit=crop'),(17,'property','https://images.unsplash.com/photo-1600596542815-ffad4c1539a9?w=800&h=600&fit=crop'),
(18,'property','https://images.unsplash.com/photo-1560448204-e02f11c3d0e2?w=800&h=600&fit=crop'),(18,'property','https://images.unsplash.com/photo-1522708323590-d24dbb6b0267?w=800&h=600&fit=crop'),
(19,'property','https://images.unsplash.com/photo-1500382017468-9049fed747ef?w=800&h=600&fit=crop'),
(20,'property','https://images.unsplash.com/photo-1600596542815-ffad4c1539a9?w=800&h=600&fit=crop'),(20,'property','https://images.unsplash.com/photo-1600585154340-be6161a56a0c?w=800&h=600&fit=crop');

INSERT INTO conversations (id, listing_id, listing_table, buyer_id, seller_id) VALUES
(1, 1, 'item', 11, 2),
(2, 3, 'item', 4, 5),
(3, 1, 'property', 9, 3),
(4, 7, 'property', 15, 14),
(5, 15, 'item', 10, 16);

INSERT INTO messages (conversation_id, sender_id, body, created_at) VALUES
(1, 11, 'Is this still available?', NOW() - INTERVAL '4 days'),
(1, 2, 'Yes, still available. Can you come see it this weekend?', NOW() - INTERVAL '4 days' + INTERVAL '15 minutes'),
(1, 11, 'Saturday afternoon works for me.', NOW() - INTERVAL '3 days'),
(2, 4, 'Can the dining set be delivered to Ajah?', NOW() - INTERVAL '2 days'),
(2, 5, 'Yes, delivery can be arranged for an extra fee.', NOW() - INTERVAL '2 days' + INTERVAL '20 minutes'),
(3, 9, 'Good day, can I inspect the Lekki flat tomorrow?', NOW() - INTERVAL '5 days'),
(3, 3, 'Yes, inspection is available from 11am.', NOW() - INTERVAL '5 days' + INTERVAL '25 minutes'),
(4, 15, 'Is the Wuse studio furnished as shown?', NOW() - INTERVAL '1 day'),
(4, 14, 'Yes, it comes furnished with the listed items.', NOW() - INTERVAL '1 day' + INTERVAL '12 minutes'),
(5, 10, 'Can you accept 90k for the PS4?', NOW() - INTERVAL '6 hours'),
(5, 16, 'I can do 95k if you pick up today.', NOW() - INTERVAL '5 hours');

INSERT INTO reports (listing_id, listing_table, reporter_id, reason, note, status) VALUES
(4, 'item', 11, 'Price seems misleading', 'The vehicle details need clearer mileage information.', 'pending'),
(10, 'property', 4, 'Duplicate or suspicious listing', 'The shop space address appears incomplete.', 'pending');

INSERT INTO featured_listings (listing_id, listing_table, user_id, amount, paystack_reference, featured_until) VALUES
(1, 'item', 2, 1500, 'feat_seed_001', NOW() + INTERVAL '5 days'),
(3, 'property', 6, 3000, 'feat_seed_002', NOW() + INTERVAL '6 days');

SELECT setval('users_id_seq', (SELECT MAX(id) FROM users));
SELECT setval('item_listings_id_seq', (SELECT MAX(id) FROM item_listings));
SELECT setval('property_listings_id_seq', (SELECT MAX(id) FROM property_listings));
SELECT setval('conversations_id_seq', (SELECT MAX(id) FROM conversations));
